parameter_id,parameter_code,parameter_label,unit_name,aodn_uri,dataset_name,dataset_uuid,suggested_mapping,mapping_confidence,mapping_id,has_measurements,measurement_count,first_measurement,last_measurement,raw_measurement_codes
310,Abundance of biota,abundance of benthic macroinvertebrates,,http://vocab.aodn.org.au/def/discovery_parameter/entity/488,Baseline_coastal_and_estuarine_condition_assessment_of_the_southern_NRM_region_Tasmania,d32ccbe1-d151-53ee-a6b4-dcf10cbc0eb5,ABUNDANCE,PARTIAL_CODE,70,NO,0,,,
518,Abundance of biota,Abundance of algal species (%),,http://vocab.aodn.org.au/def/discovery_parameter/entity/488,Condition_of_rocky_reef_communities_around_Tasmania_algal_surveys,bb54e584-dac8-5b80-88e8-82fef346b81e,ABUNDANCE,PARTIAL_CODE,70,NO,0,,,
445,Abundance of biota,Abundance of fish per quadrat/transect,Individuals per quadrat/transect,http://vocab.aodn.org.au/def/discovery_parameter/entity/488,Condition_of_rocky_reef_communities_around_Tasmania_fish_surveys,bd67b0bf-c423-55a7-ae18-79652cf7e9f2,ABUNDANCE,PARTIAL_CODE,70,NO,0,,,
520,Abundance of biota,Abundance of invertebrates,Individuals per quadrat/transect,http://vocab.aodn.org.au/def/discovery_parameter/entity/488,Condition_of_rocky_reef_communities_around_Tasmania_invertebrate_surveys,371ed940-fc5f-5b02-82d9-4e0b4115f77d,ABUNDANCE,PARTIAL_CODE,70,NO,0,,,
478,Abundance of biota,Abundance of biota,,http://vocab.aodn.org.au/def/discovery_parameter/entity/488,IMOS_-_Larval_Fish_Sub-Facility_-_Database_of_Marine_Larval_Fish_Assemblages_in_Australian_temperate,15742a7d-4d5a-5a9b-8364-40e850e2b1df,ABUNDANCE,PARTIAL_CODE,70,NO,0,,,
384,Abundance of biota,Abundance of biota,,http://vocab.aodn.org.au/def/discovery_parameter/entity/488,IMOS_-_National_Reef_Monitoring_Network_Sub-Facility_-_Benthic_cover_data_in_situ_surveys,dab97c1c-a55f-5b70-8e06-4def6cd19a9f,ABUNDANCE,PARTIAL_CODE,70,NO,0,,,
442,Abundance of biota,Abundance of biota,,http://vocab.aodn.org.au/def/discovery_parameter/entity/488,IMOS_-_Understanding_of_Marine_Imagery_UMI_Sub-Facility_-_Squidle_Annotation_counts_by_Campaign,c91d9b08-f7ee-5f0b-bc49-3b3349a827db,ABUNDANCE,PARTIAL_CODE,70,NO,0,,,
507,Abundance of biota,Abundance of biota,,http://vocab.aodn.org.au/def/discovery_parameter/entity/488,IMOS_-_Understanding_of_Marine_Imagery_UMI_Sub-Facility_-_Squidle_Imagery_and_Tracks_by_Deployment,78a99924-bad0-59d1-904f-95260ed35db5,ABUNDANCE,PARTIAL_CODE,70,NO,0,,,
516,Abundance of biota,Abundance of biota,Cells per litre,http://vocab.aodn.org.au/def/discovery_parameter/entity/488,Phytoplankton_sampling_in_the_coastal_waters_of_south_eastern_Tasmania,025c010e-0f08-5219-a706-26f427c2acf9,ABUNDANCE,PARTIAL_CODE,70,NO,0,,,
299,Abundance of biota,Abundance of biota,Presence,http://vocab.aodn.org.au/def/discovery_parameter/entity/488,Remote_sensing_surface_canopy_mapping_of_Giant_Kelp_forests_in_Southern_Australia_20162023,83d737cb-9ffa-5576-9d89-1de509304e6e,ABUNDANCE,PARTIAL_CODE,70,NO,0,,,
508,Abundance of biota,Count of Spotted Handfish along transect,,http://vocab.aodn.org.au/def/discovery_parameter/entity/488,Spotted_Handfish_Brachionichthys_hirsutus_-_GPS_Underwater_Visual_Census_-_2014-2022_repeated_popula,737198ca-6ecd-5b35-9cbb-c0c23aadf752,ABUNDANCE,PARTIAL_CODE,70,NO,0,,,
438,Abundance of biota,Abundance of biota,Cells per litre,http://vocab.aodn.org.au/def/discovery_parameter/entity/488,The_Australian_Phytoplankton_Database_1844_-_ongoing_-_abundance_and_biovolume,d8831d07-eb43-524f-84be-b8bedb6f25c5,ABUNDANCE,PARTIAL_CODE,70,NO,0,,,
461,Abundance of biota,Abundance of biota,,http://vocab.aodn.org.au/def/discovery_parameter/entity/488,Video_surveys_of_long_spined_sea_urchin_Centrostephanus_rodgersii_barrens_habitat_eastern_Tasmania,0acfdc00-b2d2-59e7-8183-77d4a1b518f2,ABUNDANCE,PARTIAL_CODE,70,NO,0,,,
505,Abundance of biota,Abundance of biota,Number per cubic metre,http://vocab.aodn.org.au/def/discovery_parameter/entity/488,Zooplankton_sampling_in_the_coastal_waters_of_south_eastern_Tasmania,b4f2548c-400d-5a19-8a01-f991ed4e943d,ABUNDANCE,PARTIAL_CODE,70,NO,0,,,
460,Algal species coverage,Algal species coverage,,,Video_surveys_of_long_spined_sea_urchin_Centrostephanus_rodgersii_barrens_habitat_eastern_Tasmania,0acfdc00-b2d2-59e7-8183-77d4a1b518f2,,,,NO,0,,,
514,Area of seafloor searched,Area of seafloor searched,Square metres,,Spotted_Handfish_Brachionichthys_hirsutus_-_GPS_Underwater_Visual_Census_-_2014-2022_repeated_popula,737198ca-6ecd-5b35-9cbb-c0c23aadf752,,,,NO,0,,,
472,Average height of the highest 1/3rd of waves on the water body,Average height of the highest 1/3rd of waves on the water body,Metres,http://vocab.aodn.org.au/def/discovery_parameter/entity/35,Wave_buoys_Observations_-_Australia_-_near_real-time,225e148f-8cf7-5812-8131-c50bba3f9943,DEPTH,PARTIAL_CODE,28,NO,0,,,
471,Average zero crossing period of the highest 1/10th waves on the water body,Average zero crossing period of the highest 1/10th waves on the water body,Seconds,http://vocab.aodn.org.au/def/discovery_parameter/entity/37,Wave_buoys_Observations_-_Australia_-_near_real-time,225e148f-8cf7-5812-8131-c50bba3f9943,DEPTH,PARTIAL_CODE,26,NO,0,,,
473,Average zero crossing period of the highest 1/3rd of waves on the water body,Average zero crossing period of the highest 1/3rd of waves on the water body,Seconds,http://vocab.aodn.org.au/def/discovery_parameter/entity/417,Wave_buoys_Observations_-_Australia_-_near_real-time,225e148f-8cf7-5812-8131-c50bba3f9943,DEPTH,PARTIAL_CODE,26,NO,0,,,
468,Average zero crossing period of waves on the water body,Average zero crossing period of waves on the water body,Seconds,http://vocab.aodn.org.au/def/discovery_parameter/entity/36,Wave_buoys_Observations_-_Australia_-_near_real-time,225e148f-8cf7-5812-8131-c50bba3f9943,DEPTH,PARTIAL_CODE,26,NO,0,,,
402,BOD Filtered,BOD Filtered,Milligrams per litre,,National_Outfall_Database,ac77f84b-3c19-5fad-b52c-783c0e082eb0,,,,NO,0,,,
437,Benthic habitat,Appended to original data for styling purposes for the Seamap Australia Project.,,,CAMRIS_Seagrass_Dataset,1aa76be9-725a-5edf-bb3c-31fd80be6936,LATITUDE,PARTIAL_LABEL,82,NO,0,,,
397,Biological oxygen demand 5 days (BOD5),Biological oxygen demand 5 days (BOD5),Milligrams per litre,,National_Outfall_Database,ac77f84b-3c19-5fad-b52c-783c0e082eb0,DOXY,PARTIAL_CODE,96,YES,153998,1999-04-14 00:00:00+00:00,2015-04-22 00:00:00+00:00,"DOXY,oxygen"
464,Biotic taxonomic identification,Presence and density of Macrocystis surface canopy,,http://vocab.aodn.org.au/def/discovery_parameter/entity/489,Aerial_surveys_of_giant_kelp_Macrocystis_pyrifera_from_Musselroe_Bay_to_Southeast_Cape_Tasmania_2019,56437621-31c6-5f07-90d3-621709986339,LONGITUDE,PARTIAL_CODE,81,NO,0,,,
519,Biotic taxonomic identification,Identification of algal species,,http://vocab.aodn.org.au/def/discovery_parameter/entity/489,Condition_of_rocky_reef_communities_around_Tasmania_algal_surveys,bb54e584-dac8-5b80-88e8-82fef346b81e,LONGITUDE,PARTIAL_CODE,81,NO,0,,,
444,Biotic taxonomic identification,Identification of fish,,http://vocab.aodn.org.au/def/discovery_parameter/entity/489,Condition_of_rocky_reef_communities_around_Tasmania_fish_surveys,bd67b0bf-c423-55a7-ae18-79652cf7e9f2,LONGITUDE,PARTIAL_CODE,81,NO,0,,,
521,Biotic taxonomic identification,Identification of invertebrates and algal species,,http://vocab.aodn.org.au/def/discovery_parameter/entity/489,Condition_of_rocky_reef_communities_around_Tasmania_invertebrate_surveys,371ed940-fc5f-5b02-82d9-4e0b4115f77d,LONGITUDE,PARTIAL_CODE,81,NO,0,,,
477,Biotic taxonomic identification,Biotic taxonomic identification,,http://vocab.aodn.org.au/def/discovery_parameter/entity/489,IMOS_-_Larval_Fish_Sub-Facility_-_Database_of_Marine_Larval_Fish_Assemblages_in_Australian_temperate,15742a7d-4d5a-5a9b-8364-40e850e2b1df,LONGITUDE,PARTIAL_CODE,81,NO,0,,,
385,Biotic taxonomic identification,Biotic taxonomic identification,,http://vocab.aodn.org.au/def/discovery_parameter/entity/489,IMOS_-_National_Reef_Monitoring_Network_Sub-Facility_-_Benthic_cover_data_in_situ_surveys,dab97c1c-a55f-5b70-8e06-4def6cd19a9f,LONGITUDE,PARTIAL_CODE,81,NO,0,,,
441,Biotic taxonomic identification,Biotic taxonomic identification,,http://vocab.aodn.org.au/def/discovery_parameter/entity/489,IMOS_-_Understanding_of_Marine_Imagery_UMI_Sub-Facility_-_Squidle_Annotation_counts_by_Campaign,c91d9b08-f7ee-5f0b-bc49-3b3349a827db,LONGITUDE,PARTIAL_CODE,81,NO,0,,,
506,Biotic taxonomic identification,Biotic taxonomic identification,,http://vocab.aodn.org.au/def/discovery_parameter/entity/489,IMOS_-_Understanding_of_Marine_Imagery_UMI_Sub-Facility_-_Squidle_Imagery_and_Tracks_by_Deployment,78a99924-bad0-59d1-904f-95260ed35db5,LONGITUDE,PARTIAL_CODE,81,NO,0,,,
515,Biotic taxonomic identification,Biotic taxonomic identification,,http://vocab.aodn.org.au/def/discovery_parameter/entity/489,Phytoplankton_sampling_in_the_coastal_waters_of_south_eastern_Tasmania,025c010e-0f08-5219-a706-26f427c2acf9,LONGITUDE,PARTIAL_CODE,81,NO,0,,,
446,Biotic taxonomic identification,Sightings of range-extending marine species,,http://vocab.aodn.org.au/def/discovery_parameter/entity/489,Redmap_-_Sightings_of_range_shifting_marine_species,847ec62b-b55e-56d1-83f6-3469ef359181,LONGITUDE,PARTIAL_CODE,81,NO,0,,,
439,Biotic taxonomic identification,Biotic taxonomic identification,,http://vocab.aodn.org.au/def/discovery_parameter/entity/489,The_Australian_Phytoplankton_Database_1844_-_ongoing_-_abundance_and_biovolume,d8831d07-eb43-524f-84be-b8bedb6f25c5,LONGITUDE,PARTIAL_CODE,81,NO,0,,,
502,Biotic taxonomic identification,Biotic taxonomic identification,,http://vocab.aodn.org.au/def/discovery_parameter/entity/489,Zooplankton_sampling_in_the_coastal_waters_of_south_eastern_Tasmania,b4f2548c-400d-5a19-8a01-f991ed4e943d,LONGITUDE,PARTIAL_CODE,81,NO,0,,,
440,Biovolume,Biovolume,Cubic micrometres per litre,http://vocab.aodn.org.au/def/discovery_parameter/entity/22,The_Australian_Phytoplankton_Database_1844_-_ongoing_-_abundance_and_biovolume,d8831d07-eb43-524f-84be-b8bedb6f25c5,,,,NO,0,,,
413,Blue-Green Algal Bloom,Blue-Green Algal Bloom,Frequency,,National_Outfall_Database,ac77f84b-3c19-5fad-b52c-783c0e082eb0,,,,NO,0,,,
509,Body length of Spotted Handfish,Body length of Spotted Handfish,Millimetres,,Spotted_Handfish_Brachionichthys_hirsutus_-_GPS_Underwater_Visual_Census_-_2014-2022_repeated_popula,737198ca-6ecd-5b35-9cbb-c0c23aadf752,LATITUDE,PARTIAL_CODE,82,NO,0,,,
523,Carapace length - rock lobster,Carapace length - rock lobster,Millimetres,,Condition_of_rocky_reef_communities_around_Tasmania_invertebrate_surveys,371ed940-fc5f-5b02-82d9-4e0b4115f77d,,,,NO,0,,,
406,Chemical Oxygen Demand,Chemical Oxygen Demand,Milligrams per litre,,National_Outfall_Database,ac77f84b-3c19-5fad-b52c-783c0e082eb0,DOXY,PARTIAL_CODE,96,YES,153998,1999-04-14 00:00:00+00:00,2015-04-22 00:00:00+00:00,"DOXY,oxygen"
436,Colored Dissolved Organic Matter,Colored Dissolved Organic Matter,Parts per billion,http://vocab.aodn.org.au/def/discovery_parameter/entity/629,IMOS_-_Autonomous_Underwater_Vehicles_Facility,00a99b88-27fa-5449-9f50-8f0d35de6faa,,,,NO,0,,,
419,Colour,Colour,Pt.Co. Units,,National_Outfall_Database,ac77f84b-3c19-5fad-b52c-783c0e082eb0,CPHL,PARTIAL_CODE,16,YES,36170,1989-01-14 20:22:00+00:00,2025-12-30 19:46:01.603300+00:00,"CPHL,chlorophyll"
336,Concentration of 19-butanoyloxyfucoxanthin per unit volume of the water body,Concentration of 19-butanoyloxyfucoxanthin per unit volume of the water body,Milligrams per cubic metre,http://vocab.aodn.org.au/def/discovery_parameter/entity/762,IMOS_-_Satellite_Remote_Sensing_-_Ocean_Colour_-_Bio_Optical_Database_of_Australian_Waters,8939735b-dcee-57c6-af1f-8d25f712a774,LATITUDE,PARTIAL_CODE,82,NO,0,,,
341,Concentration of 19-hexanoyloxyfucoxanthin per unit volume of the water body,Concentration of 19-hexanoyloxyfucoxanthin per unit volume of the water body,Milligrams per cubic metre,http://vocab.aodn.org.au/def/discovery_parameter/entity/747,IMOS_-_Satellite_Remote_Sensing_-_Ocean_Colour_-_Bio_Optical_Database_of_Australian_Waters,8939735b-dcee-57c6-af1f-8d25f712a774,LATITUDE,PARTIAL_CODE,82,NO,0,,,
338,Concentration of 4-keto-19-hexanoyloxyfucoxanthin per unit volume of the water body,Concentration of 4-keto-19-hexanoyloxyfucoxanthin per unit volume of the water body,Milligrams per cubic metre,http://vocab.aodn.org.au/def/discovery_parameter/entity/763,IMOS_-_Satellite_Remote_Sensing_-_Ocean_Colour_-_Bio_Optical_Database_of_Australian_Waters,8939735b-dcee-57c6-af1f-8d25f712a774,LATITUDE,PARTIAL_CODE,82,NO,0,,,
395,Concentration of Ammonia Nitrogen per unit volume of the water body,Concentration of Ammonia Nitrogen per unit volume of the water body,Milligrams per litre,,National_Outfall_Database,ac77f84b-3c19-5fad-b52c-783c0e082eb0,AMON,PARTIAL_CODE,101,YES,2112,2007-04-24 00:00:00+00:00,2015-04-22 00:00:00+00:00,AMMONIA
401,Concentration of Calcium per unit volume of the water body,Concentration of Calcium per unit volume of the water body,Milligrams per litre,,National_Outfall_Database,ac77f84b-3c19-5fad-b52c-783c0e082eb0,LATITUDE,PARTIAL_CODE,82,NO,0,,,
405,Concentration of Magnesium per unit volume of the water body,Concentration of Magnesium per unit volume of the water body,Milligrams per litre,,National_Outfall_Database,ac77f84b-3c19-5fad-b52c-783c0e082eb0,LATITUDE,PARTIAL_CODE,82,NO,0,,,
332,"Concentration of Mg-2,4-divinyl pheoporphyrin a5 monomethyl ester per unit volume of the water body","Concentration of Mg-2,4-divinyl pheoporphyrin a5 monomethyl ester per unit volume of the water body",Milligrams per cubic metre,http://vocab.aodn.org.au/def/discovery_parameter/entity/767,IMOS_-_Satellite_Remote_Sensing_-_Ocean_Colour_-_Bio_Optical_Database_of_Australian_Waters,8939735b-dcee-57c6-af1f-8d25f712a774,LATITUDE,PARTIAL_CODE,82,NO,0,,,
396,Concentration of Nitrate Nitrogen per unit volume of the water body,Concentration of Nitrate Nitrogen per unit volume of the water body,Milligrams per litre,,National_Outfall_Database,ac77f84b-3c19-5fad-b52c-783c0e082eb0,LATITUDE,PARTIAL_CODE,82,NO,0,,,
400,Concentration of Oil and Grease,Concentration of Oil and Grease,Milligrams per litre,,National_Outfall_Database,ac77f84b-3c19-5fad-b52c-783c0e082eb0,,,,NO,0,,,
403,Concentration of Sodium per unit volume of the water body,Concentration of Sodium per unit volume of the water body,Milligrams per litre,,National_Outfall_Database,ac77f84b-3c19-5fad-b52c-783c0e082eb0,LATITUDE,PARTIAL_CODE,82,NO,0,,,
322,Concentration of alloxanthin per unit volume of the water body,Concentration of alloxanthin per unit volume of the water body,Milligrams per cubic metre,http://vocab.nerc.ac.uk/collection/P01/current/ALLOXXPX,IMOS_-_Satellite_Remote_Sensing_-_Ocean_Colour_-_Bio_Optical_Database_of_Australian_Waters,8939735b-dcee-57c6-af1f-8d25f712a774,LATITUDE,PARTIAL_CODE,82,NO,0,,,
361,Concentration of alpha-carotene and beta-carotene per unit volume of the water body,Concentration of alpha-carotene and beta-carotene per unit volume of the water body,Milligrams per cubic metre,http://vocab.aodn.org.au/def/discovery_parameter/entity/766,IMOS_-_Satellite_Remote_Sensing_-_Ocean_Colour_-_Bio_Optical_Database_of_Australian_Waters,8939735b-dcee-57c6-af1f-8d25f712a774,LATITUDE,PARTIAL_CODE,82,NO,0,,,
359,Concentration of alpha-carotene per unit volume of the water body,Concentration of alpha-carotene per unit volume of the water body,Milligrams per cubic metre,http://vocab.aodn.org.au/def/discovery_parameter/entity/764,IMOS_-_Satellite_Remote_Sensing_-_Ocean_Colour_-_Bio_Optical_Database_of_Australian_Waters,8939735b-dcee-57c6-af1f-8d25f712a774,LATITUDE,PARTIAL_CODE,82,NO,0,,,
305,Concentration of ammonia {NH3} per unit volume of the water body,Concentration of ammonia {NH3} per unit volume of the water body,Milligrams per litre,,Baseline_coastal_and_estuarine_condition_assessment_of_the_southern_NRM_region_Tasmania,d32ccbe1-d151-53ee-a6b4-dcf10cbc0eb5,AMON,PARTIAL_CODE,101,YES,2112,2007-04-24 00:00:00+00:00,2015-04-22 00:00:00+00:00,AMMONIA
391,Concentration of ammonia {NH3} per unit volume of the water body,Concentration of ammonia {NH3} per unit volume of the water body,Milligrams per litre,,National_Outfall_Database,ac77f84b-3c19-5fad-b52c-783c0e082eb0,AMON,PARTIAL_CODE,101,YES,2112,2007-04-24 00:00:00+00:00,2015-04-22 00:00:00+00:00,AMMONIA
529,Concentration of ammonium {NH4} per unit volume of the water body,Concentration of ammonium {NH4} per unit volume of the water body,Micromoles per litre,http://vocab.aodn.org.au/def/discovery_parameter/entity/377,Nutrient_sampling_in_the_coastal_waters_of_south_eastern_Tasmania,ae179821-9a6c-5e67-aa26-871247d059d7,LATITUDE,PARTIAL_CODE,82,NO,0,,,
323,Concentration of antheraxanthin per unit volume of the water body,Concentration of antheraxanthin per unit volume of the water body,Milligrams per cubic metre,http://vocab.aodn.org.au/def/discovery_parameter/entity/658,IMOS_-_Satellite_Remote_Sensing_-_Ocean_Colour_-_Bio_Optical_Database_of_Australian_Waters,8939735b-dcee-57c6-af1f-8d25f712a774,LATITUDE,PARTIAL_CODE,82,NO,0,,,
342,Concentration of astaxanthin per unit volume of the water body,Concentration of astaxanthin per unit volume of the water body,Milligrams per cubic metre,http://vocab.aodn.org.au/def/discovery_parameter/entity/737,IMOS_-_Satellite_Remote_Sensing_-_Ocean_Colour_-_Bio_Optical_Database_of_Australian_Waters,8939735b-dcee-57c6-af1f-8d25f712a774,LATITUDE,PARTIAL_CODE,82,NO,0,,,
360,Concentration of beta-carotene per unit volume of the water body,Concentration of beta-carotene per unit volume of the water body,Milligrams per cubic metre,http://vocab.aodn.org.au/def/discovery_parameter/entity/765,IMOS_-_Satellite_Remote_Sensing_-_Ocean_Colour_-_Bio_Optical_Database_of_Australian_Waters,8939735b-dcee-57c6-af1f-8d25f712a774,LATITUDE,PARTIAL_CODE,82,NO,0,,,
324,Concentration of canthaxanthin per unit volume of the water body,Concentration of canthaxanthin per unit volume of the water body,Milligrams per cubic metre,http://vocab.aodn.org.au/def/discovery_parameter/entity/659,IMOS_-_Satellite_Remote_Sensing_-_Ocean_Colour_-_Bio_Optical_Database_of_Australian_Waters,8939735b-dcee-57c6-af1f-8d25f712a774,LATITUDE,PARTIAL_CODE,82,NO,0,,,
313,Concentration of carbon (total inorganic) per unit mass of the water body,Concentration of carbon (total inorganic) per unit mass of the water body,Micromoles per kilogram,http://vocab.aodn.org.au/def/discovery_parameter/entity/1,Ocean_acidification_historical_reconstruction,f8c506b7-8b49-5951-b7d2-c658e014b9e1,LATITUDE,PARTIAL_CODE,82,NO,0,,,
309,Concentration of chlorophyll-a per unit volume of the water body,Concentration of chlorophyll-a per unit volume of the water body,Milligrams per litre,http://vocab.aodn.org.au/def/discovery_parameter/entity/750,Baseline_coastal_and_estuarine_condition_assessment_of_the_southern_NRM_region_Tasmania,d32ccbe1-d151-53ee-a6b4-dcf10cbc0eb5,CPHL,PARTIAL_CODE,12,YES,36170,1989-01-14 20:22:00+00:00,2025-12-30 19:46:01.603300+00:00,"CPHL,chlorophyll"
423,Concentration of chlorophyll-a per unit volume of the water body,See VOLUME_FILTERED for volume of water collected (ml) and used for extraction.,Micrograms per litre,http://vocab.aodn.org.au/def/discovery_parameter/entity/750,Chlorophyll_sampling_in_the_coastal_waters_of_south_eastern_Tasmania,06eb6835-2367-5911-860c-6a2c07dd2632,CPHL,PARTIAL_CODE,12,YES,36170,1989-01-14 20:22:00+00:00,2025-12-30 19:46:01.603300+00:00,"CPHL,chlorophyll"
491,Concentration of chlorophyll-a per unit volume of the water body,Concentration of chlorophyll-a per unit volume of the water body,Micrograms per litre,http://vocab.aodn.org.au/def/discovery_parameter/entity/750,Estuarine_Health_in_Tasmania_status_and_indicators_water_quality,44307d39-e279-5084-b9d7-83a29df667ff,CPHL,PARTIAL_CODE,12,YES,36170,1989-01-14 20:22:00+00:00,2025-12-30 19:46:01.603300+00:00,"CPHL,chlorophyll"
353,Concentration of chlorophyll-a per unit volume of the water body,Concentration of chlorophyll-a per unit volume of the water body,Milligrams per cubic metre,http://vocab.aodn.org.au/def/discovery_parameter/entity/750,IMOS_-_Satellite_Remote_Sensing_-_Ocean_Colour_-_Bio_Optical_Database_of_Australian_Waters,8939735b-dcee-57c6-af1f-8d25f712a774,CPHL,PARTIAL_CODE,12,YES,36170,1989-01-14 20:22:00+00:00,2025-12-30 19:46:01.603300+00:00,"CPHL,chlorophyll"
462,Concentration of chlorophyll-a per unit volume of the water body,Concentration of chlorophyll-a per unit volume of the water body,Micrograms per litre,http://vocab.aodn.org.au/def/discovery_parameter/entity/750,The_Australian_Chlorophyll_a_Database_1965_-_2017,f34113ef-0e24-5bc2-8008-280b4b110a36,CPHL,PARTIAL_CODE,12,YES,36170,1989-01-14 20:22:00+00:00,2025-12-30 19:46:01.603300+00:00,"CPHL,chlorophyll"
354,Concentration of chlorophyll-a plus divinyl chlorophyll-a per unit volume of the water body,Concentration of chlorophyll-a plus divinyl chlorophyll-a per unit volume of the water body,Milligrams per cubic metre,http://vocab.aodn.org.au/def/discovery_parameter/entity/752,IMOS_-_Satellite_Remote_Sensing_-_Ocean_Colour_-_Bio_Optical_Database_of_Australian_Waters,8939735b-dcee-57c6-af1f-8d25f712a774,CPHL,PARTIAL_CODE,12,YES,36170,1989-01-14 20:22:00+00:00,2025-12-30 19:46:01.603300+00:00,"CPHL,chlorophyll"
427,Concentration of chlorophyll-b per unit volume of the water body,See VOLUME_FILTERED for volume of water collected (ml) and used for extraction.,Micrograms per litre,http://vocab.aodn.org.au/def/discovery_parameter/entity/745,Chlorophyll_sampling_in_the_coastal_waters_of_south_eastern_Tasmania,06eb6835-2367-5911-860c-6a2c07dd2632,CPHL,PARTIAL_CODE,12,YES,36170,1989-01-14 20:22:00+00:00,2025-12-30 19:46:01.603300+00:00,"CPHL,chlorophyll"
350,Concentration of chlorophyll-b per unit volume of the water body,Concentration of chlorophyll-b per unit volume of the water body,Milligrams per cubic metre,http://vocab.aodn.org.au/def/discovery_parameter/entity/745,IMOS_-_Satellite_Remote_Sensing_-_Ocean_Colour_-_Bio_Optical_Database_of_Australian_Waters,8939735b-dcee-57c6-af1f-8d25f712a774,CPHL,PARTIAL_CODE,12,YES,36170,1989-01-14 20:22:00+00:00,2025-12-30 19:46:01.603300+00:00,"CPHL,chlorophyll"
351,Concentration of chlorophyll-b plus divinyl chlorophyll-b per unit volume of the water body,Concentration of chlorophyll-b plus divinyl chlorophyll-b per unit volume of the water body,Milligrams per cubic metre,http://vocab.aodn.org.au/def/discovery_parameter/entity/753,IMOS_-_Satellite_Remote_Sensing_-_Ocean_Colour_-_Bio_Optical_Database_of_Australian_Waters,8939735b-dcee-57c6-af1f-8d25f712a774,CPHL,PARTIAL_CODE,12,YES,36170,1989-01-14 20:22:00+00:00,2025-12-30 19:46:01.603300+00:00,"CPHL,chlorophyll"
330,Concentration of chlorophyll-c1 per unit volume of the water body,Concentration of chlorophyll-c1 per unit volume of the water body,Milligrams per cubic metre,http://vocab.aodn.org.au/def/discovery_parameter/entity/759,IMOS_-_Satellite_Remote_Sensing_-_Ocean_Colour_-_Bio_Optical_Database_of_Australian_Waters,8939735b-dcee-57c6-af1f-8d25f712a774,CPHL,PARTIAL_CODE,12,YES,36170,1989-01-14 20:22:00+00:00,2025-12-30 19:46:01.603300+00:00,"CPHL,chlorophyll"
331,Concentration of chlorophyll-c1c2 per unit volume of the water body,Concentration of chlorophyll-c1c2 per unit volume of the water body,Milligrams per cubic metre,http://vocab.aodn.org.au/def/discovery_parameter/entity/760,IMOS_-_Satellite_Remote_Sensing_-_Ocean_Colour_-_Bio_Optical_Database_of_Australian_Waters,8939735b-dcee-57c6-af1f-8d25f712a774,CPHL,PARTIAL_CODE,12,YES,36170,1989-01-14 20:22:00+00:00,2025-12-30 19:46:01.603300+00:00,"CPHL,chlorophyll"
329,Concentration of chlorophyll-c2 per unit volume of the water body,Concentration of chlorophyll-c2 per unit volume of the water body,Milligrams per cubic metre,http://vocab.aodn.org.au/def/discovery_parameter/entity/758,IMOS_-_Satellite_Remote_Sensing_-_Ocean_Colour_-_Bio_Optical_Database_of_Australian_Waters,8939735b-dcee-57c6-af1f-8d25f712a774,CPHL,PARTIAL_CODE,12,YES,36170,1989-01-14 20:22:00+00:00,2025-12-30 19:46:01.603300+00:00,"CPHL,chlorophyll"
328,Concentration of chlorophyll-c3 per unit volume of the water body,Concentration of chlorophyll-c3 per unit volume of the water body,Milligrams per cubic metre,http://vocab.aodn.org.au/def/discovery_parameter/entity/761,IMOS_-_Satellite_Remote_Sensing_-_Ocean_Colour_-_Bio_Optical_Database_of_Australian_Waters,8939735b-dcee-57c6-af1f-8d25f712a774,CPHL,PARTIAL_CODE,12,YES,36170,1989-01-14 20:22:00+00:00,2025-12-30 19:46:01.603300+00:00,"CPHL,chlorophyll"
333,Concentration of chlorophyllide-a per unit volume of the water body,Concentration of chlorophyllide-a per unit volume of the water body,Milligrams per cubic metre,http://vocab.aodn.org.au/def/discovery_parameter/entity/757,IMOS_-_Satellite_Remote_Sensing_-_Ocean_Colour_-_Bio_Optical_Database_of_Australian_Waters,8939735b-dcee-57c6-af1f-8d25f712a774,CPHL,PARTIAL_CODE,12,YES,36170,1989-01-14 20:22:00+00:00,2025-12-30 19:46:01.603300+00:00,"CPHL,chlorophyll"
343,Concentration of diadinochrome per unit volume of the water body,Concentration of diadinochrome per unit volume of the water body,Milligrams per cubic metre,http://vocab.aodn.org.au/def/discovery_parameter/entity/744,IMOS_-_Satellite_Remote_Sensing_-_Ocean_Colour_-_Bio_Optical_Database_of_Australian_Waters,8939735b-dcee-57c6-af1f-8d25f712a774,LATITUDE,PARTIAL_CODE,82,NO,0,,,
344,Concentration of diadinoxanthin per unit volume of the water body,Concentration of diadinoxanthin per unit volume of the water body,Milligrams per cubic metre,http://vocab.aodn.org.au/def/discovery_parameter/entity/742,IMOS_-_Satellite_Remote_Sensing_-_Ocean_Colour_-_Bio_Optical_Database_of_Australian_Waters,8939735b-dcee-57c6-af1f-8d25f712a774,LATITUDE,PARTIAL_CODE,82,NO,0,,,
346,Concentration of diatoxanthin per unit volume of the water body,Concentration of diatoxanthin per unit volume of the water body,Milligrams per cubic metre,http://vocab.aodn.org.au/def/discovery_parameter/entity/739,IMOS_-_Satellite_Remote_Sensing_-_Ocean_Colour_-_Bio_Optical_Database_of_Australian_Waters,8939735b-dcee-57c6-af1f-8d25f712a774,LATITUDE,PARTIAL_CODE,82,NO,0,,,
345,Concentration of dinoxanthin per unit volume of the water body,Concentration of dinoxanthin per unit volume of the water body,Milligrams per cubic metre,http://vocab.aodn.org.au/def/discovery_parameter/entity/738,IMOS_-_Satellite_Remote_Sensing_-_Ocean_Colour_-_Bio_Optical_Database_of_Australian_Waters,8939735b-dcee-57c6-af1f-8d25f712a774,LATITUDE,PARTIAL_CODE,82,NO,0,,,
352,Concentration of divinyl chlorophyll-a per unit volume of the water body,Concentration of divinyl chlorophyll-a per unit volume of the water body,Milligrams per cubic metre,http://vocab.aodn.org.au/def/discovery_parameter/entity/754,IMOS_-_Satellite_Remote_Sensing_-_Ocean_Colour_-_Bio_Optical_Database_of_Australian_Waters,8939735b-dcee-57c6-af1f-8d25f712a774,CPHL,PARTIAL_CODE,12,YES,36170,1989-01-14 20:22:00+00:00,2025-12-30 19:46:01.603300+00:00,"CPHL,chlorophyll"
349,Concentration of divinyl chlorophyll-b per unit volume of the water body,Concentration of divinyl chlorophyll-b per unit volume of the water body,Milligrams per cubic metre,http://vocab.aodn.org.au/def/discovery_parameter/entity/746,IMOS_-_Satellite_Remote_Sensing_-_Ocean_Colour_-_Bio_Optical_Database_of_Australian_Waters,8939735b-dcee-57c6-af1f-8d25f712a774,CPHL,PARTIAL_CODE,12,YES,36170,1989-01-14 20:22:00+00:00,2025-12-30 19:46:01.603300+00:00,"CPHL,chlorophyll"
355,Concentration of echinenone per unit mass of the water body,Concentration of echinenone per unit mass of the water body,Milligrams per cubic metre,http://vocab.aodn.org.au/def/discovery_parameter/entity/478,IMOS_-_Satellite_Remote_Sensing_-_Ocean_Colour_-_Bio_Optical_Database_of_Australian_Waters,8939735b-dcee-57c6-af1f-8d25f712a774,LATITUDE,PARTIAL_CODE,82,NO,0,,,
390,Concentration of faecal coliform bacteria,Concentration of faecal coliform bacteria,CFU/100ml,,National_Outfall_Database,ac77f84b-3c19-5fad-b52c-783c0e082eb0,,,,NO,0,,,
327,Concentration of fucoxanthin per unit volume of the water body,Concentration of fucoxanthin per unit volume of the water body,Milligrams per cubic metre,http://vocab.nerc.ac.uk/collection/P01/current/FUCXZZZZ,IMOS_-_Satellite_Remote_Sensing_-_Ocean_Colour_-_Bio_Optical_Database_of_Australian_Waters,8939735b-dcee-57c6-af1f-8d25f712a774,LATITUDE,PARTIAL_CODE,82,NO,0,,,
348,Concentration of gyroxanthin diester per unit volume of the water body,Concentration of gyroxanthin diester per unit volume of the water body,Milligrams per cubic metre,http://vocab.aodn.org.au/def/discovery_parameter/entity/743,IMOS_-_Satellite_Remote_Sensing_-_Ocean_Colour_-_Bio_Optical_Database_of_Australian_Waters,8939735b-dcee-57c6-af1f-8d25f712a774,LATITUDE,PARTIAL_CODE,82,NO,0,,,
434,Concentration of inferred chlorophyll from relative fluorescence per unit volume of the water body,Concentration of inferred chlorophyll from relative fluorescence per unit volume of the water body,Milligrams per cubic metre,http://vocab.aodn.org.au/def/discovery_parameter/894,IMOS_-_Autonomous_Underwater_Vehicles_Facility,00a99b88-27fa-5449-9f50-8f0d35de6faa,CPHL,PARTIAL_CODE,12,YES,36170,1989-01-14 20:22:00+00:00,2025-12-30 19:46:01.603300+00:00,"CPHL,chlorophyll"
481,Concentration of inferred chlorophyll from relative fluorescence per unit volume of the water body,Concentration of inferred chlorophyll from relative fluorescence per unit volume of the water body,Milligrams per cubic metre,http://vocab.aodn.org.au/def/discovery_parameter/894,IMOS_-_Larval_Fish_Sub-Facility_-_Database_of_Marine_Larval_Fish_Assemblages_in_Australian_temperate,15742a7d-4d5a-5a9b-8364-40e850e2b1df,CPHL,PARTIAL_CODE,12,YES,36170,1989-01-14 20:22:00+00:00,2025-12-30 19:46:01.603300+00:00,"CPHL,chlorophyll"
463,Concentration of inferred chlorophyll from relative fluorescence per unit volume of the water body,Concentration determined by use of OC3 Algorithm,Milligrams per cubic metre,http://vocab.aodn.org.au/def/discovery_parameter/894,IMOS_-_Satellite_Remote_Sensing_-_MODIS_-_01_day_-_Chlorophyll-a_concentration_OC3_model,bcb98cac-ffa2-5f4a-8693-18aac1edd659,CPHL,PARTIAL_CODE,12,YES,36170,1989-01-14 20:22:00+00:00,2025-12-30 19:46:01.603300+00:00,"CPHL,chlorophyll"
325,Concentration of lutein per unit volume of the water body,Concentration of lutein per unit volume of the water body,Milligrams per cubic metre,http://vocab.aodn.org.au/def/discovery_parameter/entity/660,IMOS_-_Satellite_Remote_Sensing_-_Ocean_Colour_-_Bio_Optical_Database_of_Australian_Waters,8939735b-dcee-57c6-af1f-8d25f712a774,LATITUDE,PARTIAL_CODE,82,NO,0,,,
358,Concentration of lycopene per unit volume of the water body,Concentration of lycopene per unit volume of the water body,Milligrams per cubic metre,http://vocab.aodn.org.au/def/discovery_parameter/entity/741,IMOS_-_Satellite_Remote_Sensing_-_Ocean_Colour_-_Bio_Optical_Database_of_Australian_Waters,8939735b-dcee-57c6-af1f-8d25f712a774,LATITUDE,PARTIAL_CODE,82,NO,0,,,
337,Concentration of neoxanthin per unit volume of the water body,Concentration of neoxanthin per unit volume of the water body,Milligrams per cubic metre,http://vocab.aodn.org.au/def/discovery_parameter/entity/734,IMOS_-_Satellite_Remote_Sensing_-_Ocean_Colour_-_Bio_Optical_Database_of_Australian_Waters,8939735b-dcee-57c6-af1f-8d25f712a774,LATITUDE,PARTIAL_CODE,82,NO,0,,,
306,Concentration of nitrate and nitrite {NO3 and NO2} per unit volume of the water body,Concentration of nitrate and nitrite {NO3 and NO2} per unit volume of the water body,Milligrams per litre,http://vocab.aodn.org.au/def/discovery_parameter/entity/46,Baseline_coastal_and_estuarine_condition_assessment_of_the_southern_NRM_region_Tasmania,d32ccbe1-d151-53ee-a6b4-dcf10cbc0eb5,LATITUDE,PARTIAL_CODE,82,NO,0,,,
489,Concentration of nitrate and nitrite {NO3 and NO2} per unit volume of the water body,Concentration of nitrate and nitrite {NO3 and NO2} per unit volume of the water body,Micrograms per litre,http://vocab.aodn.org.au/def/discovery_parameter/entity/46,Estuarine_Health_in_Tasmania_status_and_indicators_water_quality,44307d39-e279-5084-b9d7-83a29df667ff,LATITUDE,PARTIAL_CODE,82,NO,0,,,
528,Concentration of nitrate and nitrite {NO3 and NO2} per unit volume of the water body,Concentration of nitrate and nitrite {NO3 and NO2} per unit volume of the water body,Micromoles per litre,http://vocab.aodn.org.au/def/discovery_parameter/entity/46,Nutrient_sampling_in_the_coastal_waters_of_south_eastern_Tasmania,ae179821-9a6c-5e67-aa26-871247d059d7,LATITUDE,PARTIAL_CODE,82,NO,0,,,
487,Concentration of nitrate {NO3} per unit volume of the water body,Concentration of nitrate {NO3} per unit volume of the water body,Milligrams per litre,http://vocab.aodn.org.au/def/discovery_parameter/entity/374,Estuarine_Health_in_Tasmania_status_and_indicators_water_quality,44307d39-e279-5084-b9d7-83a29df667ff,LATITUDE,PARTIAL_CODE,82,NO,0,,,
488,Concentration of nitrite {NO2} per unit volume of the water body,Concentration of nitrite {NO2} per unit volume of the water body,Milligrams per litre,http://vocab.aodn.org.au/def/discovery_parameter/entity/50,Estuarine_Health_in_Tasmania_status_and_indicators_water_quality,44307d39-e279-5084-b9d7-83a29df667ff,LATITUDE,PARTIAL_CODE,82,NO,0,,,
530,Concentration of nitrite {NO2} per unit volume of the water body,Concentration of nitrite {NO2} per unit volume of the water body,Micromoles per litre,http://vocab.aodn.org.au/def/discovery_parameter/entity/50,Nutrient_sampling_in_the_coastal_waters_of_south_eastern_Tasmania,ae179821-9a6c-5e67-aa26-871247d059d7,LATITUDE,PARTIAL_CODE,82,NO,0,,,
302,Concentration of oxygen {O2} per unit volume of the water body,percentage saturation of dissolved oxygen (DO),Percent,http://vocab.aodn.org.au/def/discovery_parameter/entity/372,Baseline_coastal_and_estuarine_condition_assessment_of_the_southern_NRM_region_Tasmania,d32ccbe1-d151-53ee-a6b4-dcf10cbc0eb5,DOXY,PARTIAL_CODE,96,YES,153998,1999-04-14 00:00:00+00:00,2015-04-22 00:00:00+00:00,"DOXY,oxygen"
484,Concentration of oxygen {O2} per unit volume of the water body,Concentration of oxygen {O2} per unit volume of the water body,Milligrams per litre,http://vocab.aodn.org.au/def/discovery_parameter/entity/372,Estuarine_Health_in_Tasmania_status_and_indicators_water_quality,44307d39-e279-5084-b9d7-83a29df667ff,DOXY,PARTIAL_CODE,96,YES,153998,1999-04-14 00:00:00+00:00,2015-04-22 00:00:00+00:00,"DOXY,oxygen"
493,Concentration of oxygen {O2} per unit volume of the water body,Concentration of oxygen {O2} per unit volume of the water body,Milligrams per litre,http://vocab.aodn.org.au/def/discovery_parameter/entity/372,Oceanography_sampling_in_the_coastal_waters_of_south_eastern_Tasmania,f93bd7ae-7ac5-51fd-bc60-ed3bef1fb712,DOXY,PARTIAL_CODE,96,YES,153998,1999-04-14 00:00:00+00:00,2015-04-22 00:00:00+00:00,"DOXY,oxygen"
326,Concentration of peridinin per unit volume of the water body,Concentration of peridinin per unit volume of the water body,Milligrams per cubic metre,http://vocab.nerc.ac.uk/collection/P01/current/PERDXXXX,IMOS_-_Satellite_Remote_Sensing_-_Ocean_Colour_-_Bio_Optical_Database_of_Australian_Waters,8939735b-dcee-57c6-af1f-8d25f712a774,LATITUDE,PARTIAL_CODE,82,NO,0,,,
431,Concentration of phaeophytin per unit volume of the water body,See VOLUME_FILTERED for volume of water collected (ml) and used for extraction.,Micrograms per litre,,Chlorophyll_sampling_in_the_coastal_waters_of_south_eastern_Tasmania,06eb6835-2367-5911-860c-6a2c07dd2632,LATITUDE,PARTIAL_CODE,82,NO,0,,,
334,Concentration of pheophorbide-a per unit volume of the water body,Concentration of pheophorbide-a per unit volume of the water body,Milligrams per cubic metre,http://vocab.aodn.org.au/def/discovery_parameter/entity/756,IMOS_-_Satellite_Remote_Sensing_-_Ocean_Colour_-_Bio_Optical_Database_of_Australian_Waters,8939735b-dcee-57c6-af1f-8d25f712a774,LATITUDE,PARTIAL_CODE,82,NO,0,,,
357,Concentration of pheophytin-a per unit volume of the water body,Concentration of pheophytin-a per unit volume of the water body,Milligrams per cubic metre,http://vocab.aodn.org.au/def/discovery_parameter/entity/748,IMOS_-_Satellite_Remote_Sensing_-_Ocean_Colour_-_Bio_Optical_Database_of_Australian_Waters,8939735b-dcee-57c6-af1f-8d25f712a774,LATITUDE,PARTIAL_CODE,82,NO,0,,,
356,Concentration of pheophytin-b per unit volume of the water body,Concentration of pheophytin-b per unit volume of the water body,Milligrams per cubic metre,http://vocab.aodn.org.au/def/discovery_parameter/entity/749,IMOS_-_Satellite_Remote_Sensing_-_Ocean_Colour_-_Bio_Optical_Database_of_Australian_Waters,8939735b-dcee-57c6-af1f-8d25f712a774,LATITUDE,PARTIAL_CODE,82,NO,0,,,
527,Concentration of phosphate {PO4} per unit volume of the water body,Concentration of phosphate {PO4} per unit volume of the water body,Micromoles per litre,http://vocab.aodn.org.au/def/discovery_parameter/entity/379,Nutrient_sampling_in_the_coastal_waters_of_south_eastern_Tasmania,ae179821-9a6c-5e67-aa26-871247d059d7,LATITUDE,PARTIAL_CODE,82,NO,0,,,
366,Concentration of photoprotective carotenoids per unit volume of the water body,Concentration of photoprotective carotenoids per unit volume of the water body,Milligrams per cubic metre,http://vocab.aodn.org.au/def/discovery_parameter/entity/16,IMOS_-_Satellite_Remote_Sensing_-_Ocean_Colour_-_Bio_Optical_Database_of_Australian_Waters,8939735b-dcee-57c6-af1f-8d25f712a774,LATITUDE,PARTIAL_CODE,82,NO,0,,,
367,Concentration of photosynthetic carotenoids per unit volume of the water body,Concentration of photosynthetic carotenoids per unit volume of the water body,Milligrams per cubic metre,http://vocab.aodn.org.au/def/discovery_parameter/entity/17,IMOS_-_Satellite_Remote_Sensing_-_Ocean_Colour_-_Bio_Optical_Database_of_Australian_Waters,8939735b-dcee-57c6-af1f-8d25f712a774,LATITUDE,PARTIAL_CODE,82,NO,0,,,
368,Concentration of photosynthetic pigments per unit volume of the water body,Concentration of photosynthetic pigments per unit volume of the water body,Milligrams per cubic metre,http://vocab.aodn.org.au/def/discovery_parameter/entity/18,IMOS_-_Satellite_Remote_Sensing_-_Ocean_Colour_-_Bio_Optical_Database_of_Australian_Waters,8939735b-dcee-57c6-af1f-8d25f712a774,LATITUDE,PARTIAL_CODE,82,NO,0,,,
339,Concentration of prasinoxanthin per unit volume of the water body,Concentration of prasinoxanthin per unit volume of the water body,Milligrams per cubic metre,http://vocab.aodn.org.au/def/discovery_parameter/entity/735,IMOS_-_Satellite_Remote_Sensing_-_Ocean_Colour_-_Bio_Optical_Database_of_Australian_Waters,8939735b-dcee-57c6-af1f-8d25f712a774,LATITUDE,PARTIAL_CODE,82,NO,0,,,
335,Concentration of pyropheophorbide-a per unit volume of the water body,Concentration of pyropheophorbide-a per unit volume of the water body,Milligrams per cubic metre,http://vocab.aodn.org.au/def/discovery_parameter/entity/755,IMOS_-_Satellite_Remote_Sensing_-_Ocean_Colour_-_Bio_Optical_Database_of_Australian_Waters,8939735b-dcee-57c6-af1f-8d25f712a774,LATITUDE,PARTIAL_CODE,82,NO,0,,,
362,Concentration of pyropheophytin-a per unit volume of the water body,Concentration of pyropheophytin-a per unit volume of the water body,Milligrams per cubic metre,http://vocab.aodn.org.au/def/discovery_parameter/entity/751,IMOS_-_Satellite_Remote_Sensing_-_Ocean_Colour_-_Bio_Optical_Database_of_Australian_Waters,8939735b-dcee-57c6-af1f-8d25f712a774,LATITUDE,PARTIAL_CODE,82,NO,0,,,
308,Concentration of silicate {SiO4} per unit volume of the water body,Concentration of silicate {SiO4} per unit volume of the water body,Milligrams per litre,http://vocab.aodn.org.au/def/discovery_parameter/entity/376,Baseline_coastal_and_estuarine_condition_assessment_of_the_southern_NRM_region_Tasmania,d32ccbe1-d151-53ee-a6b4-dcf10cbc0eb5,LATITUDE,PARTIAL_CODE,82,NO,0,,,
490,Concentration of silicate {SiO4} per unit volume of the water body,"Expressed as ""SiO4 - Si"" in data set.",Micrograms per litre,http://vocab.aodn.org.au/def/discovery_parameter/entity/376,Estuarine_Health_in_Tasmania_status_and_indicators_water_quality,44307d39-e279-5084-b9d7-83a29df667ff,LATITUDE,PARTIAL_CODE,82,NO,0,,,
526,Concentration of silicate {SiO4} per unit volume of the water body,Concentration of silicate {SiO4} per unit volume of the water body,Micromoles per litre,http://vocab.aodn.org.au/def/discovery_parameter/entity/376,Nutrient_sampling_in_the_coastal_waters_of_south_eastern_Tasmania,ae179821-9a6c-5e67-aa26-871247d059d7,LATITUDE,PARTIAL_CODE,82,NO,0,,,
321,Concentration of suspended particulate material (inorganic) per unit volume of the water body,Concentration of suspended particulate material (inorganic) per unit volume of the water body,Milligrams per cubic metre,http://vocab.aodn.org.au/def/discovery_parameter/entity/656,IMOS_-_Satellite_Remote_Sensing_-_Ocean_Colour_-_Bio_Optical_Database_of_Australian_Waters,8939735b-dcee-57c6-af1f-8d25f712a774,LATITUDE,PARTIAL_CODE,79,NO,0,,,
320,Concentration of suspended particulate material (organic) per unit volume of the water body,Concentration of suspended particulate material (organic) per unit volume of the water body,Milligrams per cubic metre,http://vocab.aodn.org.au/def/discovery_parameter/entity/655,IMOS_-_Satellite_Remote_Sensing_-_Ocean_Colour_-_Bio_Optical_Database_of_Australian_Waters,8939735b-dcee-57c6-af1f-8d25f712a774,LATITUDE,PARTIAL_CODE,79,NO,0,,,
319,Concentration of suspended particulate material per unit volume of the water body,Concentration of suspended particulate material per unit volume of the water body,Milligrams per cubic metre,http://vocab.aodn.org.au/def/discovery_parameter/entity/654,IMOS_-_Satellite_Remote_Sensing_-_Ocean_Colour_-_Bio_Optical_Database_of_Australian_Waters,8939735b-dcee-57c6-af1f-8d25f712a774,LATITUDE,PARTIAL_CODE,79,NO,0,,,
398,Concentration of suspended particulate material per unit volume of the water body,Concentration of suspended particulate material per unit volume of the water body,Milligrams per litre,http://vocab.aodn.org.au/def/discovery_parameter/entity/654,National_Outfall_Database,ac77f84b-3c19-5fad-b52c-783c0e082eb0,LATITUDE,PARTIAL_CODE,79,NO,0,,,
369,Concentration of total accessory pigments per unit volume of the water body,Concentration of total accessory pigments per unit volume of the water body,Milligrams per cubic metre,http://vocab.aodn.org.au/def/discovery_parameter/entity/19,IMOS_-_Satellite_Remote_Sensing_-_Ocean_Colour_-_Bio_Optical_Database_of_Australian_Waters,8939735b-dcee-57c6-af1f-8d25f712a774,LATITUDE,PARTIAL_CODE,82,NO,0,,,
363,Concentration of total chlorophyll-a per unit volume of the water body,Concentration of total chlorophyll-a per unit volume of the water body,Milligrams per cubic metre,http://vocab.aodn.org.au/def/discovery_parameter/entity/13,IMOS_-_Satellite_Remote_Sensing_-_Ocean_Colour_-_Bio_Optical_Database_of_Australian_Waters,8939735b-dcee-57c6-af1f-8d25f712a774,CPHL,PARTIAL_CODE,12,YES,36170,1989-01-14 20:22:00+00:00,2025-12-30 19:46:01.603300+00:00,"CPHL,chlorophyll"
365,Concentration of total chlorophyll-a plus chlorophyll-b plus chlorophyll-c per unit volume of the water body,Concentration of total chlorophyll-a plus chlorophyll-b plus chlorophyll-c per unit volume of the water body,Milligrams per cubic metre,http://vocab.aodn.org.au/def/discovery_parameter/entity/15,IMOS_-_Satellite_Remote_Sensing_-_Ocean_Colour_-_Bio_Optical_Database_of_Australian_Waters,8939735b-dcee-57c6-af1f-8d25f712a774,CPHL,PARTIAL_CODE,12,YES,36170,1989-01-14 20:22:00+00:00,2025-12-30 19:46:01.603300+00:00,"CPHL,chlorophyll"
429,Concentration of total chlorophyll-c per unit volume of the water body,See VOLUME_FILTERED for volume of water collected (ml) and used for extraction.,Micrograms per litre,http://vocab.aodn.org.au/def/discovery_parameter/entity/14,Chlorophyll_sampling_in_the_coastal_waters_of_south_eastern_Tasmania,06eb6835-2367-5911-860c-6a2c07dd2632,CPHL,PARTIAL_CODE,12,YES,36170,1989-01-14 20:22:00+00:00,2025-12-30 19:46:01.603300+00:00,"CPHL,chlorophyll"
364,Concentration of total chlorophyll-c per unit volume of the water body,Concentration of total chlorophyll-c per unit volume of the water body,Milligrams per cubic metre,http://vocab.aodn.org.au/def/discovery_parameter/entity/14,IMOS_-_Satellite_Remote_Sensing_-_Ocean_Colour_-_Bio_Optical_Database_of_Australian_Waters,8939735b-dcee-57c6-af1f-8d25f712a774,CPHL,PARTIAL_CODE,12,YES,36170,1989-01-14 20:22:00+00:00,2025-12-30 19:46:01.603300+00:00,"CPHL,chlorophyll"
371,Concentration of total diagnostic pigments per unit volume of the water body,Concentration of total diagnostic pigments per unit volume of the water body,Milligrams per cubic metre,http://vocab.aodn.org.au/def/discovery_parameter/entity/21,IMOS_-_Satellite_Remote_Sensing_-_Ocean_Colour_-_Bio_Optical_Database_of_Australian_Waters,8939735b-dcee-57c6-af1f-8d25f712a774,LATITUDE,PARTIAL_CODE,82,NO,0,,,
393,Concentration of total nitrogen {TN} per unit volume of the water body,Concentration of total nitrogen {TN} per unit volume of the water body,Milligrams per litre,,National_Outfall_Database,ac77f84b-3c19-5fad-b52c-783c0e082eb0,LATITUDE,PARTIAL_CODE,82,NO,0,,,
307,Concentration of total phosphorus per unit volume of the water body,Concentration of total phosphorus per unit volume of the water body,Milligrams per litre,http://vocab.aodn.org.au/def/discovery_parameter/entity/47,Baseline_coastal_and_estuarine_condition_assessment_of_the_southern_NRM_region_Tasmania,d32ccbe1-d151-53ee-a6b4-dcf10cbc0eb5,LATITUDE,PARTIAL_CODE,82,NO,0,,,
394,Concentration of total phosphorus {TP} per unit volume of the water body,Concentration of total phosphorus {TP} per unit volume of the water body,Milligrams per litre,,National_Outfall_Database,ac77f84b-3c19-5fad-b52c-783c0e082eb0,LATITUDE,PARTIAL_CODE,82,NO,0,,,
370,Concentration of total pigment per unit volume of the water body,Concentration of total pigment per unit volume of the water body,Milligrams per cubic metre,http://vocab.aodn.org.au/def/discovery_parameter/entity/20,IMOS_-_Satellite_Remote_Sensing_-_Ocean_Colour_-_Bio_Optical_Database_of_Australian_Waters,8939735b-dcee-57c6-af1f-8d25f712a774,LATITUDE,PARTIAL_CODE,82,NO,0,,,
383,Concentration of total pigment per unit volume of the water body,Concentration of total pigment per unit volume of the water body,Micrograms per litre,http://vocab.aodn.org.au/def/discovery_parameter/entity/20,Pigment_sampling_in_the_coastal_waters_of_south_eastern_Tasmania,ea696a80-8326-54e1-a96b-2f0dd1bd16b1,LATITUDE,PARTIAL_CODE,82,NO,0,,,
340,Concentration of violaxanthin per unit volume of the water body,Concentration of violaxanthin per unit volume of the water body,Milligrams per cubic metre,http://vocab.aodn.org.au/def/discovery_parameter/entity/736,IMOS_-_Satellite_Remote_Sensing_-_Ocean_Colour_-_Bio_Optical_Database_of_Australian_Waters,8939735b-dcee-57c6-af1f-8d25f712a774,LATITUDE,PARTIAL_CODE,82,NO,0,,,
347,Concentration of zeaxanthin per unit volume of the water body,Concentration of zeaxanthin per unit volume of the water body,Milligrams per cubic metre,http://vocab.aodn.org.au/def/discovery_parameter/entity/740,IMOS_-_Satellite_Remote_Sensing_-_Ocean_Colour_-_Bio_Optical_Database_of_Australian_Waters,8939735b-dcee-57c6-af1f-8d25f712a774,DEPTH,PARTIAL_CODE,26,NO,0,,,
501,Count for this species in sample,Count for this species in sample,,,Zooplankton_sampling_in_the_coastal_waters_of_south_eastern_Tasmania,b4f2548c-400d-5a19-8a01-f991ed4e943d,,,,NO,0,,,
510,Depth of sighted Spotted Handfish,Depth of sighted Spotted Handfish,Metres,,Spotted_Handfish_Brachionichthys_hirsutus_-_GPS_Underwater_Visual_Census_-_2014-2022_repeated_popula,737198ca-6ecd-5b35-9cbb-c0c23aadf752,DEPTH,PARTIAL_CODE,25,NO,0,,,
504,Developmental stage of identified taxa,Developmental stage of identified taxa,,,Zooplankton_sampling_in_the_coastal_waters_of_south_eastern_Tasmania,b4f2548c-400d-5a19-8a01-f991ed4e943d,LONGITUDE,PARTIAL_CODE,81,NO,0,,,
470,Direction at spectral maximum of waves on the water body,Direction at spectral maximum of waves on the water body,Degrees,http://vocab.aodn.org.au/def/discovery_parameter/entity/4,Wave_buoys_Observations_-_Australia_-_near_real-time,225e148f-8cf7-5812-8131-c50bba3f9943,LATITUDE,PARTIAL_CODE,82,NO,0,,,
476,Direction of waves on the water body,Direction of waves on the water body,Degrees,http://vocab.nerc.ac.uk/collection/P01/current/GWDRZZ01,Wave_buoys_Observations_-_Australia_-_near_real-time,225e148f-8cf7-5812-8131-c50bba3f9943,LATITUDE,PARTIAL_CODE,82,NO,0,,,
469,Directional spreading of waves on the water body,Directional spread of the dominant wave.,Degrees,http://vocab.nerc.ac.uk/collection/P01/current/GSPRZZ01,Wave_buoys_Observations_-_Australia_-_near_real-time,225e148f-8cf7-5812-8131-c50bba3f9943,LATITUDE,PARTIAL_CODE,82,NO,0,,,
420,Downwelling vector irradiance as photons (PAR wavelengths) in the water body,Downwelling vector irradiance as photons (PAR wavelengths) in the water body,Micromoles per second per square metre,http://vocab.aodn.org.au/def/discovery_parameter/entity/573,Chlorophyll_sampling_in_the_coastal_waters_of_south_eastern_Tasmania,06eb6835-2367-5911-860c-6a2c07dd2632,DOXY,PARTIAL_CODE,20,YES,153998,1999-04-14 00:00:00+00:00,2015-04-22 00:00:00+00:00,"DOXY,oxygen"
495,Downwelling vector irradiance as photons (PAR wavelengths) in the water body,Downwelling vector irradiance as photons (PAR wavelengths) in the water body,Micromoles per second per square metre,http://vocab.aodn.org.au/def/discovery_parameter/entity/573,Oceanography_sampling_in_the_coastal_waters_of_south_eastern_Tasmania,f93bd7ae-7ac5-51fd-bc60-ed3bef1fb712,DOXY,PARTIAL_CODE,20,YES,153998,1999-04-14 00:00:00+00:00,2015-04-22 00:00:00+00:00,"DOXY,oxygen"
379,Downwelling vector irradiance as photons (PAR wavelengths) in the water body,Downwelling vector irradiance as photons (PAR wavelengths) in the water body,Micromoles per second per square metre,http://vocab.aodn.org.au/def/discovery_parameter/entity/573,Pigment_sampling_in_the_coastal_waters_of_south_eastern_Tasmania,ea696a80-8326-54e1-a96b-2f0dd1bd16b1,DOXY,PARTIAL_CODE,20,YES,153998,1999-04-14 00:00:00+00:00,2015-04-22 00:00:00+00:00,"DOXY,oxygen"
416,E-coli,E-coli,organisms/100mL,,National_Outfall_Database,ac77f84b-3c19-5fad-b52c-783c0e082eb0,,,,NO,0,,,
452,Eastward current velocity in the water body,Eastward current velocity in the water body,Metres per second,http://vocab.nerc.ac.uk/collection/P01/current/LCEWZZ01,IMOS_-_Satellite_Remote_Sensing_-_Satellite_Altimetry_Calibration_and_Validation_Sub-Facility,9e716108-a89c-5f5c-b13c-8b7b497e906e,LATITUDE,PARTIAL_CODE,82,NO,0,,,
387,Eastward wind velocity in the atmosphere,Eastward wind velocity in the atmosphere,Metres per second,http://vocab.nerc.ac.uk/collection/P01/current/ESEWZZXX,IMOS_-_Satellite_Remote_Sensing_-_Surface_Waves_Sub-Facility_-_altimeter_wave_wind,ff59349e-8ca0-5520-a9ef-24aac45c6109,LATITUDE,PARTIAL_CODE,82,NO,0,,,
451,Electrical conductivity of the water body,Electrical conductivity of the water body,Siemens per metre,http://vocab.nerc.ac.uk/collection/P01/current/CNDCZZ01,IMOS_-_Satellite_Remote_Sensing_-_Satellite_Altimetry_Calibration_and_Validation_Sub-Facility,9e716108-a89c-5f5c-b13c-8b7b497e906e,COND,PARTIAL_CODE,35,NO,0,,,
410,Electrical conductivity of the water body,Electrical conductivity of the water body,microSiemens per centimetre (S/cm),http://vocab.nerc.ac.uk/collection/P01/current/CNDCZZ01,National_Outfall_Database,ac77f84b-3c19-5fad-b52c-783c0e082eb0,COND,PARTIAL_CODE,35,NO,0,,,
513,End time of dive transect (local),End time of dive transect (local),,,Spotted_Handfish_Brachionichthys_hirsutus_-_GPS_Underwater_Visual_Census_-_2014-2022_repeated_popula,737198ca-6ecd-5b35-9cbb-c0c23aadf752,,,,NO,0,,,
415,Enterococci,Enterococci,organisms/100mL,,National_Outfall_Database,ac77f84b-3c19-5fad-b52c-783c0e082eb0,,,,NO,0,,,
417,Faecal Coliforms,Faecal Coliforms,organisms/100mL,,National_Outfall_Database,ac77f84b-3c19-5fad-b52c-783c0e082eb0,,,,NO,0,,,
443,Fish size class,Determined by visual estimate,mm,,Condition_of_rocky_reef_communities_around_Tasmania_fish_surveys,bd67b0bf-c423-55a7-ae18-79652cf7e9f2,DEPTH,PARTIAL_CODE,26,NO,0,,,
414,Flow Volume,Flow Volume,Megalitres (ML),,National_Outfall_Database,ac77f84b-3c19-5fad-b52c-783c0e082eb0,,,,NO,0,,,
494,Fluorescence of the water body,Fluorescence of the water body,,http://vocab.nerc.ac.uk/collection/P01/current/FLUOZZZZ,Oceanography_sampling_in_the_coastal_waters_of_south_eastern_Tasmania,f93bd7ae-7ac5-51fd-bc60-ed3bef1fb712,FLUO,PARTIAL_CODE,45,YES,77050,2009-12-14 00:00:00+00:00,2015-04-22 00:00:00+00:00,FLUO
424,GC_CHLOROPHYLL_A_STDDEV,Standard Deviation of spectrophotometer analysis Chlorophyll A (Goltermann and Climo),,,Chlorophyll_sampling_in_the_coastal_waters_of_south_eastern_Tasmania,06eb6835-2367-5911-860c-6a2c07dd2632,CPHL,PARTIAL_CODE,12,YES,36170,1989-01-14 20:22:00+00:00,2025-12-30 19:46:01.603300+00:00,"CPHL,chlorophyll"
458,Habitat type,Habitat type,,,Video_surveys_of_long_spined_sea_urchin_Centrostephanus_rodgersii_barrens_habitat_eastern_Tasmania,0acfdc00-b2d2-59e7-8183-77d4a1b518f2,LATITUDE,PARTIAL_CODE,82,NO,0,,,
372,Light absorption coefficient of dissolved organic matter,Light absorption coefficient of dissolved organic matter,Per metre,http://vocab.aodn.org.au/def/discovery_parameter/890,IMOS_-_Satellite_Remote_Sensing_-_Ocean_Colour_-_Bio_Optical_Database_of_Australian_Waters,8939735b-dcee-57c6-af1f-8d25f712a774,,,,NO,0,,,
373,Light absorption coefficient of nonalgal particles,Light absorption coefficient of nonalgal particles,Per metre,http://vocab.aodn.org.au/def/discovery_parameter/892,IMOS_-_Satellite_Remote_Sensing_-_Ocean_Colour_-_Bio_Optical_Database_of_Australian_Waters,8939735b-dcee-57c6-af1f-8d25f712a774,,,,NO,0,,,
374,Light absorption coefficient of phytoplankton,Light absorption coefficient of phytoplankton,Per metre,http://vocab.aodn.org.au/def/discovery_parameter/891,IMOS_-_Satellite_Remote_Sensing_-_Ocean_Colour_-_Bio_Optical_Database_of_Australian_Waters,8939735b-dcee-57c6-af1f-8d25f712a774,LATITUDE,PARTIAL_CODE,82,NO,0,,,
467,Maximum height of waves on the water body,Maximum height of waves on the water body,Metres,http://vocab.nerc.ac.uk/collection/P01/current/GCMXZZ01,Wave_buoys_Observations_-_Australia_-_near_real-time,225e148f-8cf7-5812-8131-c50bba3f9943,DEPTH,PARTIAL_CODE,28,NO,0,,,
453,Northward current velocity in the water body,Northward current velocity in the water body,Metres per second,http://vocab.nerc.ac.uk/collection/P01/current/LCNSZZ01,IMOS_-_Satellite_Remote_Sensing_-_Satellite_Altimetry_Calibration_and_Validation_Sub-Facility,9e716108-a89c-5f5c-b13c-8b7b497e906e,LATITUDE,PARTIAL_CODE,82,NO,0,,,
388,Northward wind velocity in the atmosphere,Northward wind velocity in the atmosphere,Metres per second,http://vocab.nerc.ac.uk/collection/P01/current/ESNSZZXX,IMOS_-_Satellite_Remote_Sensing_-_Surface_Waves_Sub-Facility_-_altimeter_wave_wind,ff59349e-8ca0-5520-a9ef-24aac45c6109,LATITUDE,PARTIAL_CODE,82,NO,0,,,
432,PHAEOPHYTIN_STDDEV,Standard Deviation of spectrophotometer analysis Phaeophytin (Parsons Phaeopigments),,,Chlorophyll_sampling_in_the_coastal_waters_of_south_eastern_Tasmania,06eb6835-2367-5911-860c-6a2c07dd2632,LATITUDE,PARTIAL_CODE,82,NO,0,,,
426,PP_CHLOROPHYLL_A_STDDEV,Standard Deviation of spectrophotometer analysis Chlorophyll A (Parsons Trichromatic),,,Chlorophyll_sampling_in_the_coastal_waters_of_south_eastern_Tasmania,06eb6835-2367-5911-860c-6a2c07dd2632,CPHL,PARTIAL_CODE,12,YES,36170,1989-01-14 20:22:00+00:00,2025-12-30 19:46:01.603300+00:00,"CPHL,chlorophyll"
425,PT_CHLOROPHYLL_A_STDDEV,Standard Deviation of spectrophotometer analysis Chlorophyll A (Parsons Phaeopigments),,,Chlorophyll_sampling_in_the_coastal_waters_of_south_eastern_Tasmania,06eb6835-2367-5911-860c-6a2c07dd2632,CPHL,PARTIAL_CODE,12,YES,36170,1989-01-14 20:22:00+00:00,2025-12-30 19:46:01.603300+00:00,"CPHL,chlorophyll"
428,PT_CHLOROPHYLL_B_STDDEV,Standard Deviation of spectrophotometer analysis Chlorophyll B (Parsons Trichromatic),,,Chlorophyll_sampling_in_the_coastal_waters_of_south_eastern_Tasmania,06eb6835-2367-5911-860c-6a2c07dd2632,CPHL,PARTIAL_CODE,12,YES,36170,1989-01-14 20:22:00+00:00,2025-12-30 19:46:01.603300+00:00,"CPHL,chlorophyll"
430,PT_CHLOROPHYLL_C_STDDEV,Standard Deviation of spectrophotometer analysis Chlorophyll C (Parsons Trichromatic),,,Chlorophyll_sampling_in_the_coastal_waters_of_south_eastern_Tasmania,06eb6835-2367-5911-860c-6a2c07dd2632,CPHL,PARTIAL_CODE,12,YES,36170,1989-01-14 20:22:00+00:00,2025-12-30 19:46:01.603300+00:00,"CPHL,chlorophyll"
517,Percentage cover algal species,Percentage cover algal species,Percent,,Condition_of_rocky_reef_communities_around_Tasmania_algal_surveys,bb54e584-dac8-5b80-88e8-82fef346b81e,,,,NO,0,,,
524,Percentage cover algal species,Percentage cover algal species,Percent,,Condition_of_rocky_reef_communities_around_Tasmania_invertebrate_surveys,371ed940-fc5f-5b02-82d9-4e0b4115f77d,,,,NO,0,,,
474,Period at second highest energy spectrum peak of waves on the water body,Period at second highest energy spectrum peak of waves on the water body,Seconds,http://vocab.aodn.org.au/def/discovery_parameter/entity/40,Wave_buoys_Observations_-_Australia_-_near_real-time,225e148f-8cf7-5812-8131-c50bba3f9943,COND,PARTIAL_CODE,35,NO,0,,,
466,Period at the peak spectral energy of waves on the water body,Spectral peak wave period from heave sensors in seconds.,Seconds,http://vocab.aodn.org.au/def/discovery_parameter/entity/3,Wave_buoys_Observations_-_Australia_-_near_real-time,225e148f-8cf7-5812-8131-c50bba3f9943,LATITUDE,PARTIAL_CODE,82,NO,0,,,
382,Pigment description,Pigment description,,,Pigment_sampling_in_the_coastal_waters_of_south_eastern_Tasmania,ea696a80-8326-54e1-a96b-2f0dd1bd16b1,,,,NO,0,,,
300,Practical salinity of the water body,Practical salinity of the water body,Practical Salinity Unit,http://vocab.nerc.ac.uk/collection/P01/current/PSLTZZ01,Baseline_coastal_and_estuarine_condition_assessment_of_the_southern_NRM_region_Tasmania,d32ccbe1-d151-53ee-a6b4-dcf10cbc0eb5,LATITUDE,PARTIAL_CODE,82,NO,0,,,
482,Practical salinity of the water body,Practical salinity of the water body,Practical Salinity Unit,http://vocab.nerc.ac.uk/collection/P01/current/PSLTZZ01,Estuarine_Health_in_Tasmania_status_and_indicators_water_quality,44307d39-e279-5084-b9d7-83a29df667ff,LATITUDE,PARTIAL_CODE,82,NO,0,,,
435,Practical salinity of the water body,Practical salinity of the water body,Practical Salinity Unit,http://vocab.nerc.ac.uk/collection/P01/current/PSLTZZ01,IMOS_-_Autonomous_Underwater_Vehicles_Facility,00a99b88-27fa-5449-9f50-8f0d35de6faa,LATITUDE,PARTIAL_CODE,82,NO,0,,,
480,Practical salinity of the water body,Practical salinity of the water body,Practical Salinity Unit,http://vocab.nerc.ac.uk/collection/P01/current/PSLTZZ01,IMOS_-_Larval_Fish_Sub-Facility_-_Database_of_Marine_Larval_Fish_Assemblages_in_Australian_temperate,15742a7d-4d5a-5a9b-8364-40e850e2b1df,LATITUDE,PARTIAL_CODE,82,NO,0,,,
450,Practical salinity of the water body,Practical salinity of the water body,Practical Salinity Unit,http://vocab.nerc.ac.uk/collection/P01/current/PSLTZZ01,IMOS_-_Satellite_Remote_Sensing_-_Satellite_Altimetry_Calibration_and_Validation_Sub-Facility,9e716108-a89c-5f5c-b13c-8b7b497e906e,LATITUDE,PARTIAL_CODE,82,NO,0,,,
312,Practical salinity of the water body,Practical salinity of the water body,Practical Salinity Unit,http://vocab.nerc.ac.uk/collection/P01/current/PSLTZZ01,Ocean_acidification_historical_reconstruction,f8c506b7-8b49-5951-b7d2-c658e014b9e1,LATITUDE,PARTIAL_CODE,82,NO,0,,,
497,Practical salinity of the water body,Practical salinity of the water body,Practical Salinity Unit,http://vocab.nerc.ac.uk/collection/P01/current/PSLTZZ01,Oceanography_sampling_in_the_coastal_waters_of_south_eastern_Tasmania,f93bd7ae-7ac5-51fd-bc60-ed3bef1fb712,LATITUDE,PARTIAL_CODE,82,NO,0,,,
454,Pressure (measured variable) in the water body exerted by overlying sea water and any medium above it,Pressure (measured variable) in the water body exerted by overlying sea water and any medium above it,Decibars,http://vocab.aodn.org.au/def/discovery_parameter/entity/565,IMOS_-_Satellite_Remote_Sensing_-_Satellite_Altimetry_Calibration_and_Validation_Sub-Facility,9e716108-a89c-5f5c-b13c-8b7b497e906e,LATITUDE,PARTIAL_CODE,82,NO,0,,,
499,Pressure (measured variable) in the water body exerted by overlying sea water only,Pressure (measured variable) in the water body exerted by overlying sea water only,Pound-force per square inch (PSIA),http://vocab.aodn.org.au/def/discovery_parameter/entity/566,Oceanography_sampling_in_the_coastal_waters_of_south_eastern_Tasmania,f93bd7ae-7ac5-51fd-bc60-ed3bef1fb712,LATITUDE,PARTIAL_CODE,82,NO,0,,,
525,Sampling depth,Sampling depth,Metres,,Nutrient_sampling_in_the_coastal_waters_of_south_eastern_Tasmania,ae179821-9a6c-5e67-aa26-871247d059d7,DEPTH,PARTIAL_CODE,25,NO,0,,,
500,Sampling depth,Sampling depth,Metres,http://vocab.aodn.org.au/def/discovery_parameter/entity/574,Oceanography_sampling_in_the_coastal_waters_of_south_eastern_Tasmania,f93bd7ae-7ac5-51fd-bc60-ed3bef1fb712,DEPTH,PARTIAL_CODE,25,NO,0,,,
485,Saturation of oxygen {O2} in the water body [dissolved phase],Saturation of oxygen {O2} in the water body [dissolved phase],Milligrams per litre,http://vocab.aodn.org.au/def/discovery_parameter/entity/84,Estuarine_Health_in_Tasmania_status_and_indicators_water_quality,44307d39-e279-5084-b9d7-83a29df667ff,DOXY,PARTIAL_CODE,96,YES,153998,1999-04-14 00:00:00+00:00,2015-04-22 00:00:00+00:00,"DOXY,oxygen"
492,Saturation of oxygen {O2} in the water body [dissolved phase],Saturation of oxygen {O2} in the water body [dissolved phase],Percent,http://vocab.aodn.org.au/def/discovery_parameter/entity/84,Oceanography_sampling_in_the_coastal_waters_of_south_eastern_Tasmania,f93bd7ae-7ac5-51fd-bc60-ed3bef1fb712,DOXY,PARTIAL_CODE,96,YES,153998,1999-04-14 00:00:00+00:00,2015-04-22 00:00:00+00:00,"DOXY,oxygen"
315,Saturation state of aragonite in the water body,Saturation state of aragonite in the water body,Dimensionless,http://vocab.aodn.org.au/def/discovery_parameter/entity/24,Ocean_acidification_historical_reconstruction,f8c506b7-8b49-5951-b7d2-c658e014b9e1,LATITUDE,PARTIAL_CODE,82,NO,0,,,
316,Saturation state of calcite in the water body,Saturation state of calcite in the water body,Dimensionless,http://vocab.aodn.org.au/def/discovery_parameter/entity/25,Ocean_acidification_historical_reconstruction,f8c506b7-8b49-5951-b7d2-c658e014b9e1,LATITUDE,PARTIAL_CODE,82,NO,0,,,
455,Sea surface height above geoid,Sea surface height above geoid,Metres,http://vocab.aodn.org.au/def/discovery_parameter/entity/643,IMOS_-_Satellite_Remote_Sensing_-_Satellite_Altimetry_Calibration_and_Validation_Sub-Facility,9e716108-a89c-5f5c-b13c-8b7b497e906e,DEPTH,PARTIAL_CODE,28,NO,0,,,
421,Sea-floor depth below surface of the water body,Sea-floor depth below surface of the water body,Metres,http://vocab.aodn.org.au/def/discovery_parameter/entity/574,Chlorophyll_sampling_in_the_coastal_waters_of_south_eastern_Tasmania,06eb6835-2367-5911-860c-6a2c07dd2632,DEPTH,PARTIAL_CODE,25,NO,0,,,
380,Sea-floor depth below surface of the water body,Sea-floor depth below surface of the water body,Metres,http://vocab.aodn.org.au/def/discovery_parameter/entity/574,Pigment_sampling_in_the_coastal_waters_of_south_eastern_Tasmania,ea696a80-8326-54e1-a96b-2f0dd1bd16b1,DEPTH,PARTIAL_CODE,25,NO,0,,,
465,Sea-floor depth below surface of the water body,Sea-floor depth below surface of the water body,Metres,http://vocab.aodn.org.au/def/discovery_parameter/entity/574,Wave_buoys_Observations_-_Australia_-_near_real-time,225e148f-8cf7-5812-8131-c50bba3f9943,DEPTH,PARTIAL_CODE,25,NO,0,,,
422,Secchi depth,Secchi depth,Metres,http://vocab.aodn.org.au/def/discovery_parameter/entity/729,Chlorophyll_sampling_in_the_coastal_waters_of_south_eastern_Tasmania,06eb6835-2367-5911-860c-6a2c07dd2632,DEPTH,PARTIAL_CODE,25,NO,0,,,
381,Secchi depth,Secchi depth,Metres,http://vocab.aodn.org.au/def/discovery_parameter/entity/729,Pigment_sampling_in_the_coastal_waters_of_south_eastern_Tasmania,ea696a80-8326-54e1-a96b-2f0dd1bd16b1,DEPTH,PARTIAL_CODE,25,NO,0,,,
503,Sex of identified taxa,Sex of identified taxa,,,Zooplankton_sampling_in_the_coastal_waters_of_south_eastern_Tasmania,b4f2548c-400d-5a19-8a01-f991ed4e943d,LONGITUDE,PARTIAL_CODE,81,NO,0,,,
522,Shell length - abalone,Shell length - abalone,Millimetres,,Condition_of_rocky_reef_communities_around_Tasmania_invertebrate_surveys,371ed940-fc5f-5b02-82d9-4e0b4115f77d,LONGITUDE,PARTIAL_CODE,80,NO,0,,,
456,Significant height of waves on the water body,Significant height of waves on the water body,Metres,http://vocab.aodn.org.au/def/discovery_parameter/entity/411,IMOS_-_Satellite_Remote_Sensing_-_Satellite_Altimetry_Calibration_and_Validation_Sub-Facility,9e716108-a89c-5f5c-b13c-8b7b497e906e,DEPTH,PARTIAL_CODE,28,NO,0,,,
386,Significant height of waves on the water body,Significant height of waves on the water body,Metres,http://vocab.aodn.org.au/def/discovery_parameter/entity/411,IMOS_-_Satellite_Remote_Sensing_-_Surface_Waves_Sub-Facility_-_altimeter_wave_wind,ff59349e-8ca0-5520-a9ef-24aac45c6109,DEPTH,PARTIAL_CODE,28,NO,0,,,
318,Skin temperature of the water body,Skin temperature of the water body,Degrees Kelvin,http://vocab.aodn.org.au/def/discovery_parameter/entity/97,IMOS_-_Satellite_Remote_Sensing_-_SST_-_L4_-_GAMSSA_-_World,8f7d1eb7-e129-58bc-922f-9750821f329f,LATITUDE,PARTIAL_CODE,82,NO,0,,,
409,Sodium Adsorption Ratio (SAR),Sodium Adsorption Ratio (SAR),ratio (no units),,National_Outfall_Database,ac77f84b-3c19-5fad-b52c-783c0e082eb0,,,,NO,0,,,
475,Spectral significant height of waves on the water body,Spectral significant height of waves on the water body,Metres,http://vocab.aodn.org.au/def/discovery_parameter/entity/2,Wave_buoys_Observations_-_Australia_-_near_real-time,225e148f-8cf7-5812-8131-c50bba3f9943,DEPTH,PARTIAL_CODE,28,NO,0,,,
512,Start time of dive transect (local),Start time of dive transect (local),,,Spotted_Handfish_Brachionichthys_hirsutus_-_GPS_Underwater_Visual_Census_-_2014-2022_repeated_popula,737198ca-6ecd-5b35-9cbb-c0c23aadf752,,,,NO,0,,,
511,Stress response of fish,"0  No visible stress
1  Threat display visible (dorsal, caudal fins erected)
2  Movement visible, predominantly short distance 'walk'
3  Escape response, short burst swim",,,Spotted_Handfish_Brachionichthys_hirsutus_-_GPS_Underwater_Visual_Census_-_2014-2022_repeated_popula,737198ca-6ecd-5b35-9cbb-c0c23aadf752,DOXY,PARTIAL_LABEL,20,YES,153998,1999-04-14 00:00:00+00:00,2015-04-22 00:00:00+00:00,"DOXY,oxygen"
457,Substratum type,Substratum type,,,Video_surveys_of_long_spined_sea_urchin_Centrostephanus_rodgersii_barrens_habitat_eastern_Tasmania,0acfdc00-b2d2-59e7-8183-77d4a1b518f2,LATITUDE,PARTIAL_CODE,82,NO,0,,,
407,Surfactants (MBAS),Surfactants (MBAS),Milligrams per litre,,National_Outfall_Database,ac77f84b-3c19-5fad-b52c-783c0e082eb0,,,,NO,0,,,
301,Temperature of the water body,Temperature of the water body,Degrees Celsius,http://vocab.nerc.ac.uk/collection/P01/current/TEMPPR01,Baseline_coastal_and_estuarine_condition_assessment_of_the_southern_NRM_region_Tasmania,d32ccbe1-d151-53ee-a6b4-dcf10cbc0eb5,LATITUDE,PARTIAL_CODE,82,NO,0,,,
483,Temperature of the water body,Temperature of the water body,Degrees Celsius,http://vocab.nerc.ac.uk/collection/P01/current/TEMPPR01,Estuarine_Health_in_Tasmania_status_and_indicators_water_quality,44307d39-e279-5084-b9d7-83a29df667ff,LATITUDE,PARTIAL_CODE,82,NO,0,,,
433,Temperature of the water body,Temperature of the water body,Degrees Celsius,http://vocab.nerc.ac.uk/collection/P01/current/TEMPPR01,IMOS_-_Autonomous_Underwater_Vehicles_Facility,00a99b88-27fa-5449-9f50-8f0d35de6faa,LATITUDE,PARTIAL_CODE,82,NO,0,,,
479,Temperature of the water body,Temperature of the water body,Degrees Celsius,http://vocab.nerc.ac.uk/collection/P01/current/TEMPPR01,IMOS_-_Larval_Fish_Sub-Facility_-_Database_of_Marine_Larval_Fish_Assemblages_in_Australian_temperate,15742a7d-4d5a-5a9b-8364-40e850e2b1df,LATITUDE,PARTIAL_CODE,82,NO,0,,,
449,Temperature of the water body,Temperature of the water body,Degrees Celsius,http://vocab.nerc.ac.uk/collection/P01/current/TEMPPR01,IMOS_-_Satellite_Remote_Sensing_-_Satellite_Altimetry_Calibration_and_Validation_Sub-Facility,9e716108-a89c-5f5c-b13c-8b7b497e906e,LATITUDE,PARTIAL_CODE,82,NO,0,,,
378,Temperature of the water body,Temperature of the water body,Degrees Celsius,http://vocab.nerc.ac.uk/collection/P01/current/TEMPPR01,Nearshore_temperature_monitoring_in_Tasmanian_coastal_waters,275efd89-f750-5826-a05c-04cd0371bb43,LATITUDE,PARTIAL_CODE,82,NO,0,,,
311,Temperature of the water body,Temperature of the water body,Degrees Celsius,http://vocab.nerc.ac.uk/collection/P01/current/TEMPPR01,Ocean_acidification_historical_reconstruction,f8c506b7-8b49-5951-b7d2-c658e014b9e1,LATITUDE,PARTIAL_CODE,82,NO,0,,,
498,Temperature of the water body,Temperature of the water body,Degrees Celsius,http://vocab.nerc.ac.uk/collection/P01/current/TEMPPR01,Oceanography_sampling_in_the_coastal_waters_of_south_eastern_Tasmania,f93bd7ae-7ac5-51fd-bc60-ed3bef1fb712,LATITUDE,PARTIAL_CODE,82,NO,0,,,
411,Total Algae Count,Total Algae Count,Cells/mL,,National_Outfall_Database,ac77f84b-3c19-5fad-b52c-783c0e082eb0,,,,NO,0,,,
412,Total Blue-Green Algae Count,Total Blue-Green Algae Count,Cells/mL,,National_Outfall_Database,ac77f84b-3c19-5fad-b52c-783c0e082eb0,,,,NO,0,,,
418,Total Coliforms,Total Coliforms,organisms/100mL,,National_Outfall_Database,ac77f84b-3c19-5fad-b52c-783c0e082eb0,,,,NO,0,,,
399,Total Dissolved Solids,Total Dissolved Solids,Milligrams per litre,,National_Outfall_Database,ac77f84b-3c19-5fad-b52c-783c0e082eb0,,,,NO,0,,,
404,Total Kjeldahl Nitrogen (TKN),Total Kjeldahl Nitrogen (TKN),Milligrams per litre,,National_Outfall_Database,ac77f84b-3c19-5fad-b52c-783c0e082eb0,,,,NO,0,,,
376,Total absorption coefficient in the water body,Total absorption coefficient in the water body,Per metre,http://vocab.aodn.org.au/def/discovery_parameter/entity/59,IMOS_-_Satellite_Remote_Sensing_-_Ocean_Colour_-_Bio_Optical_Database_of_Australian_Waters,8939735b-dcee-57c6-af1f-8d25f712a774,LATITUDE,PARTIAL_CODE,82,NO,0,,,
314,Total alkalinity per unit mass of the water body,Total alkalinity per unit mass of the water body,Micromoles per kilogram,http://vocab.nerc.ac.uk/collection/P01/current/MDMAP014,Ocean_acidification_historical_reconstruction,f8c506b7-8b49-5951-b7d2-c658e014b9e1,LATITUDE,PARTIAL_CODE,82,NO,0,,,
377,Total attenuation coefficient in the water body,Total attenuation coefficient in the water body,Per metre,http://vocab.aodn.org.au/def/discovery_parameter/entity/58,IMOS_-_Satellite_Remote_Sensing_-_Ocean_Colour_-_Bio_Optical_Database_of_Australian_Waters,8939735b-dcee-57c6-af1f-8d25f712a774,LATITUDE,PARTIAL_CODE,82,NO,0,,,
375,Total backscattering coefficient in the water body,Total backscattering coefficient in the water body,Per metre,http://vocab.aodn.org.au/def/discovery_parameter/entity/54,IMOS_-_Satellite_Remote_Sensing_-_Ocean_Colour_-_Bio_Optical_Database_of_Australian_Waters,8939735b-dcee-57c6-af1f-8d25f712a774,LATITUDE,PARTIAL_CODE,82,NO,0,,,
304,Turbidity of the water body,Turbidity of the water body,Nephelometric Turbidity Units,http://vocab.nerc.ac.uk/collection/P01/current/TURBXXXX,Baseline_coastal_and_estuarine_condition_assessment_of_the_southern_NRM_region_Tasmania,d32ccbe1-d151-53ee-a6b4-dcf10cbc0eb5,LATITUDE,PARTIAL_CODE,82,NO,0,,,
486,Turbidity of the water body,Turbidity of the water body,Nephelometric Turbidity Units,http://vocab.nerc.ac.uk/collection/P01/current/TURBXXXX,Estuarine_Health_in_Tasmania_status_and_indicators_water_quality,44307d39-e279-5084-b9d7-83a29df667ff,LATITUDE,PARTIAL_CODE,82,NO,0,,,
408,Turbidity of the water body,Turbidity of the water body,Nephelometric Turbidity Units,http://vocab.nerc.ac.uk/collection/P01/current/TURBXXXX,National_Outfall_Database,ac77f84b-3c19-5fad-b52c-783c0e082eb0,LATITUDE,PARTIAL_CODE,82,NO,0,,,
496,Turbidity of the water body,Turbidity of the water body,Nephelometric Turbidity Units,http://vocab.nerc.ac.uk/collection/P01/current/TURBXXXX,Oceanography_sampling_in_the_coastal_waters_of_south_eastern_Tasmania,f93bd7ae-7ac5-51fd-bc60-ed3bef1fb712,LATITUDE,PARTIAL_CODE,82,NO,0,,,
459,Urchin barren zone,Urchin barren zone,,,Video_surveys_of_long_spined_sea_urchin_Centrostephanus_rodgersii_barrens_habitat_eastern_Tasmania,0acfdc00-b2d2-59e7-8183-77d4a1b518f2,DEPTH,PARTIAL_CODE,26,NO,0,,,
389,Wind speed in the atmosphere,Wind speed in the atmosphere,Metres per second,http://vocab.nerc.ac.uk/collection/P01/current/ESSAZZ01,IMOS_-_Satellite_Remote_Sensing_-_Surface_Waves_Sub-Facility_-_altimeter_wave_wind,ff59349e-8ca0-5520-a9ef-24aac45c6109,PH,PARTIAL_CODE,22,YES,29921,1989-01-14 20:22:00+00:00,2025-12-30 19:46:01.603804+00:00,"PH,ph"
447,body_length,body_length,Millimetres,,Redmap_-_Sightings_of_range_shifting_marine_species,847ec62b-b55e-56d1-83f6-3469ef359181,LATITUDE,PARTIAL_CODE,82,NO,0,,,
448,body_weight,body_weight,Grams,,Redmap_-_Sightings_of_range_shifting_marine_species,847ec62b-b55e-56d1-83f6-3469ef359181,LATITUDE,PARTIAL_CODE,82,NO,0,,,
303,pH (total scale) of the water body,pH (total scale) of the water body,pH units,http://vocab.aodn.org.au/def/discovery_parameter/entity/27,Baseline_coastal_and_estuarine_condition_assessment_of_the_southern_NRM_region_Tasmania,d32ccbe1-d151-53ee-a6b4-dcf10cbc0eb5,LATITUDE,PARTIAL_CODE,82,NO,0,,,
392,pH (total scale) of the water body,pH (total scale) of the water body,pH units,http://vocab.aodn.org.au/def/discovery_parameter/entity/27,National_Outfall_Database,ac77f84b-3c19-5fad-b52c-783c0e082eb0,LATITUDE,PARTIAL_CODE,82,NO,0,,,
317,pH (total scale) of the water body,pH (total scale) of the water body,pH units,http://vocab.aodn.org.au/def/discovery_parameter/entity/27,Ocean_acidification_historical_reconstruction,f8c506b7-8b49-5951-b7d2-c658e014b9e1,LATITUDE,PARTIAL_CODE,82,NO,0,,,
